x_center, y_center, r
-6.62853206791139,-8.820070689924666,3.3183834016142812
1.7454862009127616,4.762873105297558,1.0547238850997682
-2.016921729096519,2.9908965436722568,4.193940693406297
-1.2967781536447927,9.108855906165015,1.262815935970048
