x_center, y_center, r
7.611178426791733, 3.344200276446495, 7.59543932099742
-6.490440124823878, -7.45221662126921, 2.197491904103000