x_center, y_center, r
-6.6072739347055975,-7.662927464895867,1.9954387710270893
5.14059254904225,9.315695620039122,1.1068002398572485
-5.482078953253402,2.0169667900701356,1.2104172761504954
-4.448051674384645,7.4914494719485525,2.404280008072858
-4.167628235937841,-5.457026742875604,1.0922886104244776
-1.3279331773453418,5.012212546954768,4.743627446691623
0.8990227242908855,-4.821011128688985,3.435770380204918
-7.693495687246575,-0.634749118903347,2.9248684940836363
