x_center, y_center, r
-9.358689852739255,-8.564728559437288,4.026576655843485
2.853036540023785,0.6446738060089103,2.488942651759694
7.469345620179386,6.734408533258474,2.9378606480234097
