x_center, y_center, r
-8.135977349712002,7.933269324300657,4.977301174693995
4.64054368583664,-6.7913147063045765,4.325926224813835
