x_center, y_center, r
1.5593773593426725,2.048534860420844,3.7009809531540157
-6.925792901766396,-7.361950897683716,3.888450707483477
