x_center, y_center, r
3.01137876891847, 8.552294701989666, 7.299234405724015
-5.5053954658256155, -8.458239935582107, 6.12065868288702