x_center, y_center, r
7.532779423364219, 9.128454394869012, 1.594517616996803
-9.69180870178059, -9.367740177354207, 1.76100107018255