x_center, y_center, r
3.8431198300743876, 0.7612816095633059, 7.81952828450160
-1.0150331301644684, 2.621520902700606, 9.01159258215845