x_center, y_center, r
-1.0846706827740416, 9.599234064285593, 8.4671528915210
-8.974583325989533, 1.5917903048080682, 8.1685693885788