x_center, y_center, r
2.8136816833623737, 2.431173554665569, 5.23331119778378
4.615537436749059, 9.3554097370558, 6.91429207828189