x_center, y_center, r
-8.841840152881728,3.6361998899652015,4.150259350194709
-0.4697844938855784,0.7685866145725981,2.3717348099567146
-3.4597285745983397,-2.7920068334939163,1.4082566620323824
