x_center, y_center, r
-5.409030196267992,-8.439590692072944,3.758291062680777
-3.023483276444175,-3.2272462620512243,3.5526691386985703
1.5856670030262414,8.108515630050338,2.6360196870575043
-5.076595870958482,5.912608799622401,1.9810946356559387
