x_center, y_center, r
5.3945410465106995,-9.93097763235981,4.451035566604329
-7.600451464813148,-9.691716098812277,4.062760229250113
-3.4147444067789063,0.6974128573743581,1.7066429502853127
-7.664288674989357,6.098534521331029,3.392959198851129
