x_center, y_center, r
6.968791261104407,2.8615599531775633,1.7320097124796643
-7.189166397194375,7.109138828531815,3.7778565622713702
-0.3658314788837771,-7.917537181110113,2.591447122596762
-2.399136593612454,-6.634088649869614,4.666730031742329
8.68112116364297,7.482977377565522,2.8035830813157734
1.3322657413628303,-0.02668316887927169,2.6493629631072793
8.162207520465785,-7.002254771783285,2.523150230159564
7.015841496776293,5.919833496701646,2.9975048002086973
